{"cameraMode":{"drawMode":0,"name":"Shaded","section":"Shading Mode"},"sceneLighting":true,"audioPlay":false,"sceneViewState":{"m_AlwaysRefresh":false,"showFog":true,"showSkybox":true,"showFlares":true,"showImageEffects":true,"showParticleSystems":true,"showVisualEffectGraphs":true,"m_FxEnabled":true},"in2DMode":false,"pivot":{"x":-0.10138769447803498,"y":1.8972197771072388,"z":-0.012304182164371014},"rotation":{"x":0.650271475315094,"y":0.012378072366118431,"z":-0.010463927872478962,"w":0.7595916986465454},"size":0.11569336801767349,"orthographic":false}